[
{
    "risks": [
        {
            "riskName": "ccc",
            "imagePath": "images/2.png",
            "riskDetails": "<p>cccc<\/p>",
            "id": 1
        },
        {
            "riskName": "c",
            "riskDetails": "<p>c<\/p>",
            "id": 1
        }
    ],
    "name": "b",
    "descriptionHtml": "b.html",
    "id": 1
},
{
    "risks": [],
    "imagePath": "images/Screenshot 2022-11-06 212408.png",
    "name": "bbb",
    "descriptionHtml": "bbb.html",
    "id": 1
}
]